{
    "Success": true,
    "Error": null,
    "PricedItineraries": [
        {
        "IsPassportMandatory": false,
        "IsPassportIssueDateMandatory": false,
        "DirectionInd": 2,
        "RefundMethod": 0,
        "ValidatingAirlineCode": "W5",
        "FareSourceCode": "6566326431346339643432323438643261643635386539303138386463383463263130343726323935343933",
        "AirItineraryPricingInfo": {
            "FareType": 4,
            "ItinTotalFare": {
                "BaseFare": 29971080.00,
                "TotalFare": 30398760.00,
                "TotalCommission": 0.0,
                "TotalTax": 0.0,
                "ServiceTax": 427680.00,
                "Currency": "IRR"
            },
            "PtcFareBreakdown": [{
                "PassengerFare": {
                    "BaseFare": 29971080.00,
                    "TotalFare": 30398760.00,
                    "Commission": 0.0,
                    "ServiceTax": 427680.00,
                    "Taxes": [{
                        "Amount": 0.0,
                        "Currency": "IRR"
                    }],
                    "Currency": "IRR"
                },
                "PassengerTypeQuantity": {
                    "PassengerType": 1,
                    "Quantity": 1
                }
            }],
            "FareInfoes": []
        },
        "OriginDestinationOptions":
        [
        {
            "JourneyDurationPerMinute": 120,
            "ConnectionTimePerMinute": 0,
            "FlightSegments": [{
                "DepartureDateTime": "2019-10-09T17:00:00",
                "ArrivalDateTime": "2019-10-09T19:30:00",
                "StopQuantity": 0,
                "FlightNumber": "065",
                "ResBookDesigCode": "Economy",
                "JourneyDuration": "02:00",
                "JourneyDurationPerMinute": 120,
                "ConnectionTimePerMinute": 0,
                "DepartureAirportLocationCode": "IKA",
                "ArrivalAirportLocationCode": "DXB",
                "MarketingAirlineCode": "W5",
                "CabinClassCode": 3,
                "OperatingAirline": {
                    "Code": "W5",
                    "FlightNumber": "065",
                    "Equipment": ""
                },
                "SeatsRemaining": null,
                "IsCharter": false,
                "IsReturn": false,
                "Baggage": null,
                "TechnicalStops": []
            }]
        }, {
            "JourneyDurationPerMinute": 120,
            "ConnectionTimePerMinute": 0,
            "FlightSegments": [{
                "DepartureDateTime": "2019-10-13T21:00:00",
                "ArrivalDateTime": "2019-10-13T22:30:00",
                "StopQuantity": 0,
                "FlightNumber": "064",
                "ResBookDesigCode": "Economy",
                "JourneyDuration": "02:00",
                "JourneyDurationPerMinute": 120,
                "ConnectionTimePerMinute": 0,
                "DepartureAirportLocationCode": "DXB",
                "ArrivalAirportLocationCode": "IKA",
                "MarketingAirlineCode": "W5",
                "CabinClassCode": 1,
                "OperatingAirline": {
                    "Code": "W5",
                    "FlightNumber": "064",
                    "Equipment": ""
                },
                "SeatsRemaining": null,
                "IsCharter": false,
                "IsReturn": true,
                "Baggage": null,
                "TechnicalStops": []
            }]
        }]
    }, {
        "IsPassportMandatory": false,
        "IsPassportIssueDateMandatory": false,
        "DirectionInd": 2,
        "RefundMethod": 0,
        "ValidatingAirlineCode": "W5",
        "FareSourceCode": "6234656631343831623434623466323062626635373237306635653739323031263130343726323935343933",
        "AirItineraryPricingInfo": {
            "FareType": 4,
            "ItinTotalFare": {
                "BaseFare": 41600280.00,
                "TotalFare": 42202200.00,
                "TotalCommission": 0.0,
                "TotalTax": 0.0,
                "ServiceTax": 601920.00,
                "Currency": "IRR"
            },
            "PtcFareBreakdown": [{
                "PassengerFare": {
                    "BaseFare": 41600280.00,
                    "TotalFare": 42202200.00,
                    "Commission": 0.0,
                    "ServiceTax": 601920.00,
                    "Taxes": [{
                        "Amount": 0.0,
                        "Currency": "IRR"
                    }],
                    "Currency": "IRR"
                },
                "PassengerTypeQuantity": {
                    "PassengerType": 1,
                    "Quantity": 1
                }
            }],
            "FareInfoes": []
        },
        "OriginDestinationOptions": [{
            "JourneyDurationPerMinute": 120,
            "ConnectionTimePerMinute": 0,
            "FlightSegments": [{
                "DepartureDateTime": "2019-10-09T07:00:00",
                "ArrivalDateTime": "2019-10-09T09:30:00",
                "StopQuantity": 0,
                "FlightNumber": "061",
                "ResBookDesigCode": "Economy",
                "JourneyDuration": "02:00",
                "JourneyDurationPerMinute": 120,
                "ConnectionTimePerMinute": 0,
                "DepartureAirportLocationCode": "IKA",
                "ArrivalAirportLocationCode": "DXB",
                "MarketingAirlineCode": "W5",
                "CabinClassCode": 1,
                "OperatingAirline": {
                    "Code": "W5",
                    "FlightNumber": "061",
                    "Equipment": ""
                },
                "SeatsRemaining": null,
                "IsCharter": false,
                "IsReturn": false,
                "Baggage": null,
                "TechnicalStops": []
            }]
        }, {
            "JourneyDurationPerMinute": 120,
            "ConnectionTimePerMinute": 0,
            "FlightSegments": [{
                "DepartureDateTime": "2019-10-13T21:00:00",
                "ArrivalDateTime": "2019-10-13T22:30:00",
                "StopQuantity": 0,
                "FlightNumber": "064",
                "ResBookDesigCode": "Economy",
                "JourneyDuration": "02:00",
                "JourneyDurationPerMinute": 120,
                "ConnectionTimePerMinute": 0,
                "DepartureAirportLocationCode": "DXB",
                "ArrivalAirportLocationCode": "IKA",
                "MarketingAirlineCode": "W5",
                "CabinClassCode": 1,
                "OperatingAirline": {
                    "Code": "W5",
                    "FlightNumber": "064",
                    "Equipment": ""
                },
                "SeatsRemaining": null,
                "IsCharter": false,
                "IsReturn": true,
                "Baggage": null,
                "TechnicalStops": []
            }]
        }]
    }, {
        "IsPassportMandatory": true,
        "IsPassportIssueDateMandatory": false,
        "DirectionInd": 2,
        "RefundMethod": 0,
        "ValidatingAirlineCode": "J2",
        "FareSourceCode": "3930663438633862636165633433623439353031313339396132303366376365263230373326323935343933",
        "AirItineraryPricingInfo": {
            "FareType": 2,
            "ItinTotalFare": {
                "BaseFare": 33120000.00,
                "TotalFare": 43380000.00,
                "TotalCommission": 0.0,
                "TotalTax": 10260000.00,
                "ServiceTax": 0.00,
                "Currency": "IRR"
            },
            "PtcFareBreakdown": [{
                "PassengerFare": {
                    "BaseFare": 33120000.00,
                    "TotalFare": 43380000.00,
                    "Commission": 0.0,
                    "ServiceTax": 0.00,
                    "Taxes": [{
                        "Amount": 10260000.00,
                        "Currency": "IRR"
                    }],
                    "Currency": "IRR"
                },
                "PassengerTypeQuantity": {
                    "PassengerType": 1,
                    "Quantity": 1
                }
            }],
            "FareInfoes": []
        },
        "OriginDestinationOptions": [
            {
            "JourneyDurationPerMinute": 260,
            "ConnectionTimePerMinute": 340,
            "FlightSegments": [{
                "DepartureDateTime": "2019-10-09T01:25:00",
                "ArrivalDateTime": "2019-10-09T03:20:00",
                "StopQuantity": 0,
                "FlightNumber": "9006",
                "ResBookDesigCode": "X",
                "JourneyDuration": "01:25",
                "JourneyDurationPerMinute": 85,
                "ConnectionTimePerMinute": 340,
                "DepartureAirportLocationCode": "IKA",
                "ArrivalAirportLocationCode": "GYD",
                "MarketingAirlineCode": "J2",
                "CabinClassCode": 1,
                "OperatingAirline": {
                    "Code": "J2",
                    "FlightNumber": "9006",
                    "Equipment": "E90"
                },
                "SeatsRemaining": 5,
                "IsCharter": true,
                "IsReturn": false,
                "Baggage": "1 pieces",
                "TechnicalStops": []
            }, {
                "DepartureDateTime": "2019-10-09T09:00:00",
                "ArrivalDateTime": "2019-10-09T11:55:00",
                "StopQuantity": 0,
                "FlightNumber": "9",
                "ResBookDesigCode": "X",
                "JourneyDuration": "02:55",
                "JourneyDurationPerMinute": 175,
                "ConnectionTimePerMinute": 0,
                "DepartureAirportLocationCode": "GYD",
                "ArrivalAirportLocationCode": "DXB",
                "MarketingAirlineCode": "J2",
                "CabinClassCode": 1,
                "OperatingAirline": {
                    "Code": "J2",
                    "FlightNumber": "9",
                    "Equipment": "345"
                },
                "SeatsRemaining": 9,
                "IsCharter": true,
                "IsReturn": false,
                "Baggage": "1 pieces",
                "TechnicalStops": []
            }]
        }, {
            "JourneyDurationPerMinute": 265,
            "ConnectionTimePerMinute": 440,
            "FlightSegments": [{
                "DepartureDateTime": "2019-10-13T13:10:00",
                "ArrivalDateTime": "2019-10-13T16:10:00",
                "StopQuantity": 0,
                "FlightNumber": "12",
                "ResBookDesigCode": "X",
                "JourneyDuration": "03:00",
                "JourneyDurationPerMinute": 180,
                "ConnectionTimePerMinute": 440,
                "DepartureAirportLocationCode": "DXB",
                "ArrivalAirportLocationCode": "GYD",
                "MarketingAirlineCode": "J2",
                "CabinClassCode": 1,
                "OperatingAirline": {
                    "Code": "J2",
                    "FlightNumber": "12",
                    "Equipment": "345"
                },
                "SeatsRemaining": 9,
                "IsCharter": false,
                "IsReturn": true,
                "Baggage": "1 pieces",
                "TechnicalStops": []
            }, {
                "DepartureDateTime": "2019-10-13T23:30:00",
                "ArrivalDateTime": "2019-10-14T00:25:00",
                "StopQuantity": 0,
                "FlightNumber": "9005",
                "ResBookDesigCode": "X",
                "JourneyDuration": "01:25",
                "JourneyDurationPerMinute": 85,
                "ConnectionTimePerMinute": 0,
                "DepartureAirportLocationCode": "GYD",
                "ArrivalAirportLocationCode": "IKA",
                "MarketingAirlineCode": "J2",
                "CabinClassCode": 1,
                "OperatingAirline": {
                    "Code": "J2",
                    "FlightNumber": "9005",
                    "Equipment": "E90"
                },
                "SeatsRemaining": 5,
                "IsCharter": false,
                "IsReturn": true,
                "Baggage": "1 pieces",
                "TechnicalStops": []
            }]
        }]
    }, {
        "IsPassportMandatory": true,
        "IsPassportIssueDateMandatory": false,
        "DirectionInd": 2,
        "RefundMethod": 0,
        "ValidatingAirlineCode": "J2",
        "FareSourceCode": "3933663334303333623137333464363539353762363030643737356161623035263230373326323935343933",
        "AirItineraryPricingInfo": {
            "FareType": 2,
            "ItinTotalFare": {
                "BaseFare": 33120000.00,
                "TotalFare": 43380000.00,
                "TotalCommission": 0.0,
                "TotalTax": 10260000.00,
                "ServiceTax": 0.00,
                "Currency": "IRR"
            },
            "PtcFareBreakdown": [{
                "PassengerFare": {
                    "BaseFare": 33120000.00,
                    "TotalFare": 43380000.00,
                    "Commission": 0.0,
                    "ServiceTax": 0.00,
                    "Taxes": [{
                        "Amount": 10260000.00,
                        "Currency": "IRR"
                    }],
                    "Currency": "IRR"
                },
                "PassengerTypeQuantity": {
                    "PassengerType": 1,
                    "Quantity": 1
                }
            }],
            "FareInfoes": []
        },
        "OriginDestinationOptions": [{
            "JourneyDurationPerMinute": 260,
            "ConnectionTimePerMinute": 340,
            "FlightSegments": [{
                "DepartureDateTime": "2019-10-09T01:25:00",
                "ArrivalDateTime": "2019-10-09T03:20:00",
                "StopQuantity": 0,
                "FlightNumber": "9006",
                "ResBookDesigCode": "X",
                "JourneyDuration": "01:25",
                "JourneyDurationPerMinute": 85,
                "ConnectionTimePerMinute": 340,
                "DepartureAirportLocationCode": "IKA",
                "ArrivalAirportLocationCode": "GYD",
                "MarketingAirlineCode": "J2",
                "CabinClassCode": 1,
                "OperatingAirline": {
                    "Code": "J2",
                    "FlightNumber": "9006",
                    "Equipment": "E90"
                },
                "SeatsRemaining": 5,
                "IsCharter": false,
                "IsReturn": false,
                "Baggage": "1 pieces",
                "TechnicalStops": []
            }, {
                "DepartureDateTime": "2019-10-09T09:00:00",
                "ArrivalDateTime": "2019-10-09T11:55:00",
                "StopQuantity": 0,
                "FlightNumber": "11",
                "ResBookDesigCode": "X",
                "JourneyDuration": "02:55",
                "JourneyDurationPerMinute": 175,
                "ConnectionTimePerMinute": 0,
                "DepartureAirportLocationCode": "GYD",
                "ArrivalAirportLocationCode": "DXB",
                "MarketingAirlineCode": "J2",
                "CabinClassCode": 1,
                "OperatingAirline": {
                    "Code": "J2",
                    "FlightNumber": "11",
                    "Equipment": "345"
                },
                "SeatsRemaining": 9,
                "IsCharter": false,
                "IsReturn": false,
                "Baggage": "1 pieces",
                "TechnicalStops": []
            }]
        }, {
            "JourneyDurationPerMinute": 265,
            "ConnectionTimePerMinute": 440,
            "FlightSegments": [{
                "DepartureDateTime": "2019-10-13T13:10:00",
                "ArrivalDateTime": "2019-10-13T16:10:00",
                "StopQuantity": 0,
                "FlightNumber": "12",
                "ResBookDesigCode": "X",
                "JourneyDuration": "03:00",
                "JourneyDurationPerMinute": 180,
                "ConnectionTimePerMinute": 440,
                "DepartureAirportLocationCode": "DXB",
                "ArrivalAirportLocationCode": "GYD",
                "MarketingAirlineCode": "J2",
                "CabinClassCode": 1,
                "OperatingAirline": {
                    "Code": "J2",
                    "FlightNumber": "12",
                    "Equipment": "345"
                },
                "SeatsRemaining": 9,
                "IsCharter": false,
                "IsReturn": true,
                "Baggage": "1 pieces",
                "TechnicalStops": []
            }, {
                "DepartureDateTime": "2019-10-13T23:30:00",
                "ArrivalDateTime": "2019-10-14T00:25:00",
                "StopQuantity": 0,
                "FlightNumber": "9005",
                "ResBookDesigCode": "X",
                "JourneyDuration": "01:25",
                "JourneyDurationPerMinute": 85,
                "ConnectionTimePerMinute": 0,
                "DepartureAirportLocationCode": "GYD",
                "ArrivalAirportLocationCode": "IKA",
                "MarketingAirlineCode": "J2",
                "CabinClassCode": 1,
                "OperatingAirline": {
                    "Code": "J2",
                    "FlightNumber": "9005",
                    "Equipment": "E90"
                },
                "SeatsRemaining": 5,
                "IsCharter": false,
                "IsReturn": true,
                "Baggage": "1 pieces",
                "TechnicalStops": []
            }]
        }]
    }, {
        "IsPassportMandatory": true,
        "IsPassportIssueDateMandatory": false,
        "DirectionInd": 2,
        "RefundMethod": 0,
        "ValidatingAirlineCode": "TK",
        "FareSourceCode": "6563356663393164383861633464646662616164383138366664643133393936263230373326323935343933",
        "AirItineraryPricingInfo": {
            "FareType": 2,
            "ItinTotalFare": {
                "BaseFare": 69123600.00,
                "TotalFare": 111423600.00,
                "TotalCommission": 0.0,
                "TotalTax": 42300000.00,
                "ServiceTax": 0.00,
                "Currency": "IRR"
            },
            "PtcFareBreakdown": [{
                "PassengerFare": {
                    "BaseFare": 69123600.00,
                    "TotalFare": 111423600.00,
                    "Commission": 0.0,
                    "ServiceTax": 0.00,
                    "Taxes": [{
                        "Amount": 42300000.00,
                        "Currency": "IRR"
                    }],
                    "Currency": "IRR"
                },
                "PassengerTypeQuantity": {
                    "PassengerType": 1,
                    "Quantity": 1
                }
            }],
            "FareInfoes": []
        },
        "OriginDestinationOptions": [{
            "JourneyDurationPerMinute": 475,
            "ConnectionTimePerMinute": 935,
            "FlightSegments": [{
                "DepartureDateTime": "2019-10-09T02:00:00",
                "ArrivalDateTime": "2019-10-09T04:55:00",
                "StopQuantity": 0,
                "FlightNumber": "875",
                "ResBookDesigCode": "A",
                "JourneyDuration": "03:25",
                "JourneyDurationPerMinute": 205,
                "ConnectionTimePerMinute": 935,
                "DepartureAirportLocationCode": "IKA",
                "ArrivalAirportLocationCode": "IST",
                "MarketingAirlineCode": "TK",
                "CabinClassCode": 1,
                "OperatingAirline": {
                    "Code": "TK",
                    "FlightNumber": "875",
                    "Equipment": "321"
                },
                "SeatsRemaining": 9,
                "IsCharter": false,
                "IsReturn": false,
                "Baggage": "30K",
                "TechnicalStops": []
            }, {
                "DepartureDateTime": "2019-10-09T20:30:00",
                "ArrivalDateTime": "2019-10-10T02:00:00",
                "StopQuantity": 0,
                "FlightNumber": "758",
                "ResBookDesigCode": "A",
                "JourneyDuration": "04:30",
                "JourneyDurationPerMinute": 270,
                "ConnectionTimePerMinute": 0,
                "DepartureAirportLocationCode": "SAW",
                "ArrivalAirportLocationCode": "DXB",
                "MarketingAirlineCode": "TK",
                "CabinClassCode": 1,
                "OperatingAirline": {
                    "Code": "TK",
                    "FlightNumber": "758",
                    "Equipment": "73H"
                },
                "SeatsRemaining": 9,
                "IsCharter": false,
                "IsReturn": false,
                "Baggage": "30K",
                "TechnicalStops": []
            }]
        }, {
            "JourneyDurationPerMinute": 470,
            "ConnectionTimePerMinute": 1370,
            "FlightSegments": [{
                "DepartureDateTime": "2019-10-13T07:15:00",
                "ArrivalDateTime": "2019-10-13T11:00:00",
                "StopQuantity": 0,
                "FlightNumber": "763",
                "ResBookDesigCode": "V",
                "JourneyDuration": "04:45",
                "JourneyDurationPerMinute": 285,
                "ConnectionTimePerMinute": 1370,
                "DepartureAirportLocationCode": "DXB",
                "ArrivalAirportLocationCode": "IST",
                "MarketingAirlineCode": "TK",
                "CabinClassCode": 1,
                "OperatingAirline": {
                    "Code": "TK",
                    "FlightNumber": "763",
                    "Equipment": "77W"
                },
                "SeatsRemaining": 9,
                "IsCharter": false,
                "IsReturn": true,
                "Baggage": "30K",
                "TechnicalStops": []
            }, {
                "DepartureDateTime": "2019-10-14T09:50:00",
                "ArrivalDateTime": "2019-10-14T13:25:00",
                "StopQuantity": 0,
                "FlightNumber": "870",
                "ResBookDesigCode": "V",
                "JourneyDuration": "03:05",
                "JourneyDurationPerMinute": 185,
                "ConnectionTimePerMinute": 0,
                "DepartureAirportLocationCode": "IST",
                "ArrivalAirportLocationCode": "IKA",
                "MarketingAirlineCode": "TK",
                "CabinClassCode": 1,
                "OperatingAirline": {
                    "Code": "TK",
                    "FlightNumber": "870",
                    "Equipment": "32B"
                },
                "SeatsRemaining": 9,
                "IsCharter": false,
                "IsReturn": true,
                "Baggage": "30K",
                "TechnicalStops": []
            }]
        }]
    }]
}
