{
    "Success": true,
    "Error": null,
    "PricedItineraries": [
        {
        "IsPassportMandatory": true,
        "IsPassportIssueDateMandatory": false,
        "DirectionInd": 1,
        "RefundMethod": 0,
        "ValidatingAirlineCode": "PC",
        "FareSourceCode": "3263396266333766353064373431336139633366613038346364363636336338263230373326323838353539",
        "AirItineraryPricingInfo": {
            "FareType": 2,
            "ItinTotalFare": {
                "BaseFare": 79920000.00,
                "TotalFare": 122400000.00,
                "TotalCommission": 0.0,
                "TotalTax": 42480000.00,
                "ServiceTax": 0.00,
                "Currency": "IRR"
            },
            "PtcFareBreakdown": [{
                "PassengerFare": {
                    "BaseFare": 18000000.00,
                    "TotalFare": 28440000.00,
                    "Commission": 0.0,
                    "ServiceTax": 0.00,
                    "Taxes": [{
                        "Amount": 10440000.00,
                        "Currency": "IRR"
                    }],
                    "Currency": "IRR"
                },
                "PassengerTypeQuantity": {
                    "PassengerType": 1,
                    "Quantity": 2
                }
            }, {
                "PassengerFare": {
                    "BaseFare": 18000000.00,
                    "TotalFare": 28440000.00,
                    "Commission": 0.0,
                    "ServiceTax": 0.00,
                    "Taxes": [{
                        "Amount": 10440000.00,
                        "Currency": "IRR"
                    }],
                    "Currency": "IRR"
                },
                "PassengerTypeQuantity": {
                    "PassengerType": 2,
                    "Quantity": 2
                }
            }, {
                "PassengerFare": {
                    "BaseFare": 7920000.00,
                    "TotalFare": 8640000.00,
                    "Commission": 0.0,
                    "ServiceTax": 0.00,
                    "Taxes": [{
                        "Amount": 720000.00,
                        "Currency": "IRR"
                    }],
                    "Currency": "IRR"
                },
                "PassengerTypeQuantity": {
                    "PassengerType": 3,
                    "Quantity": 1
                }
            }],
            "FareInfoes": []
        },
        "OriginDestinationOptions": [
            {
            "JourneyDurationPerMinute": 425,
            "ConnectionTimePerMinute": 135,
            "FlightSegments": [
                {
                "DepartureDateTime": "2019-09-25T03:40:00",
                "ArrivalDateTime": "2019-09-25T06:25:00",
                "StopQuantity": 0,
                "FlightNumber": "513",
                "ResBookDesigCode": "I",
                "JourneyDuration": "03:15",
                "JourneyDurationPerMinute": 195,
                "ConnectionTimePerMinute": 135,
                "DepartureAirportLocationCode": "IKA",
                "ArrivalAirportLocationCode": "SAW",
                "MarketingAirlineCode": "PC",
                "CabinClassCode": 1,
                "OperatingAirline": {
                    "Code": "PC",
                    "FlightNumber": "513",
                    "Equipment": "320"
                },
                "SeatsRemaining": 8,
                "IsCharter": false,
                "IsReturn": false,
                "Baggage": "20K",
                "TechnicalStops": []
            }, {
                "DepartureDateTime": "2019-09-25T08:40:00",
                "ArrivalDateTime": "2019-09-25T11:30:00",
                "StopQuantity": 0,
                "FlightNumber": "1251",
                "ResBookDesigCode": "I",
                "JourneyDuration": "03:50",
                "JourneyDurationPerMinute": 230,
                "ConnectionTimePerMinute": 0,
                "DepartureAirportLocationCode": "SAW",
                "ArrivalAirportLocationCode": "AMS",
                "MarketingAirlineCode": "PC",
                "CabinClassCode": 1,
                "OperatingAirline": {
                    "Code": "PC",
                    "FlightNumber": "1251",
                    "Equipment": "738"
                },
                "SeatsRemaining": 9,
                "IsCharter": false,
                "IsReturn": false,
                "Baggage": "20K",
                "TechnicalStops": []
            }]
        }]
    }]
}
