{
    "Success": true,
    "Error": null,
    "CheckIn": "2019-11-01T00:00:00",
    "CheckOut": "2019-11-02T00:00:00",
    "PricedItineraries": [
        {
        "FareSourceCode": "",
        "Offer": "Private sale: save 10%",
        "NonRefundable": true,
        "HotelId": 990124,
        "PaymentDeadline": "2018-10-20T11:24:35.1371372",
        "Currency": "IRR",
        "AvailableRoom": 4,
        "PlainTextCancellationPolicy": null,
        "NetRate": 922680.00,
        "Rooms": [{
            "Name": "Basic Shared Dormitory Men Only Non Smoking",
            "AdultCount": 1,
            "ChildCount": 0,
            "ChildAges": null,
            "MealType": "Room Only",
            "SharingBedding": false,
            "BedGroups": "4 BunkBed"
        }],
        "CancellationPolicies": [],
        "Remarks": [],
        "Amenities": null
    }, {
        "FareSourceCode": "",
        "Offer": null,
        "NonRefundable": false,
        "HotelId": 1097614,
        "PaymentDeadline": "2019-10-20T00:00:00",
        "Currency": "IRR",
        "AvailableRoom": 3,
        "PlainTextCancellationPolicy": null,
        "NetRate": 1180080.00,
        "Rooms": [{
            "Name": "Shared Dormitory",
            "AdultCount": 1,
            "ChildCount": 0,
            "ChildAges": null,
            "MealType": "Room Only",
            "SharingBedding": false,
            "BedGroups": "1 TwinBed"
        }],
        "CancellationPolicies": [{
            "Amount": 1180080.00,
            "FromDate": "2019-10-31T00:29:00+03:30"
        }],
        "Remarks": [],
        "Amenities": null
    }, {
        "FareSourceCode": "",
        "Offer": "Private sale: save 10%",
        "NonRefundable": true,
        "HotelId": 422287,
        "PaymentDeadline": "2018-10-20T11:24:35.1371372",
        "Currency": "IRR",
        "AvailableRoom": 1,
        "PlainTextCancellationPolicy": null,
        "NetRate": 1193280.00,
        "Rooms": [{
            "Name": "Shared Dormitory Mixed Dorm",
            "AdultCount": 1,
            "ChildCount": 0,
            "ChildAges": null,
            "MealType": "Room Only",
            "SharingBedding": false,
            "BedGroups": "5 BunkBed"
        }],
        "CancellationPolicies": [],
        "Remarks": [],
        "Amenities": null
    }, {
        "FareSourceCode": "",
        "Offer": "Private sale: save 10%",
        "NonRefundable": false,
        "HotelId": 1087592,
        "PaymentDeadline": "2019-10-20T00:00:00",
        "Currency": "IRR",
        "AvailableRoom": 19,
        "PlainTextCancellationPolicy": null,
        "NetRate": 1231560.00,
        "Rooms": [{
            "Name": "Economy Single Room",
            "AdultCount": 1,
            "ChildCount": 0,
            "ChildAges": null,
            "MealType": "Room Only",
            "SharingBedding": false,
            "BedGroups": "1 FullBed"
        }],
        "CancellationPolicies": [{
            "Amount": 1231560.00,
            "FromDate": "2019-11-01T00:29:00+03:30"
        }],
        "Remarks": [],
        "Amenities": null
    }, {
        "FareSourceCode": "",
        "Offer": null,
        "NonRefundable": true,
        "HotelId": 508717,
        "PaymentDeadline": "2018-10-20T11:24:35.1371372",
        "Currency": "IRR",
        "AvailableRoom": 19,
        "PlainTextCancellationPolicy": null,
        "NetRate": 1401840.00,
        "Rooms": [{
            "Name": "10 Bed Mixed Dorm Room With Shared Bathroom 10 Yatakli Ortak Banyolu Dorm Oda",
            "AdultCount": 1,
            "ChildCount": 0,
            "ChildAges": null,
            "MealType": "Free Breakfast",
            "SharingBedding": false,
            "BedGroups": "1 TwinBed"
        }],
        "CancellationPolicies": [],
        "Remarks": [],
        "Amenities": ["Free Wifi", "Free Breakfast"]
    }, {
        "FareSourceCode": "",
        "Offer": null,
        "NonRefundable": true,
        "HotelId": 711289,
        "PaymentDeadline": "2018-10-20T11:24:35.1371372",
        "Currency": "IRR",
        "AvailableRoom": 4,
        "PlainTextCancellationPolicy": null,
        "NetRate": 1413720.00,
        "Rooms": [{
            "Name": "Basic Shared Dormitory Women Only Non Smoking 4 Person",
            "AdultCount": 1,
            "ChildCount": 0,
            "ChildAges": null,
            "MealType": "Room Only",
            "SharingBedding": false,
            "BedGroups": "2 BunkBed"
        }],
        "CancellationPolicies": [],
        "Remarks": [],
        "Amenities": null
    }, {
        "FareSourceCode": "",
        "Offer": "Private sale: save 10%",
        "NonRefundable": true,
        "HotelId": 1087766,
        "PaymentDeadline": "2018-10-20T11:24:35.1371372",
        "Currency": "IRR",
        "AvailableRoom": 2,
        "PlainTextCancellationPolicy": null,
        "NetRate": 1436160.00,
        "Rooms": [{
            "Name": "Shared Dormitory Men Only",
            "AdultCount": 1,
            "ChildCount": 0,
            "ChildAges": null,
            "MealType": "Room Only",
            "SharingBedding": false,
            "BedGroups": "2 BunkBed"
        }],
        "CancellationPolicies": [],
        "Remarks": [],
        "Amenities": null
    }, {
        "FareSourceCode": "",
        "Offer": "Private sale: save 10%",
        "NonRefundable": true,
        "HotelId": 819769,
        "PaymentDeadline": "2018-10-20T11:24:35.1371372",
        "Currency": "IRR",
        "AvailableRoom": 5,
        "PlainTextCancellationPolicy": null,
        "NetRate": 1461240.00,
        "Rooms": [{
            "Name": "Standard Single Room",
            "AdultCount": 1,
            "ChildCount": 0,
            "ChildAges": null,
            "MealType": "Room Only",
            "SharingBedding": false,
            "BedGroups": "1 TwinBed"
        }],
        "CancellationPolicies": [],
        "Remarks": [],
        "Amenities": null
    }, {
        "FareSourceCode": "",
        "Offer": "Private sale: save 10%",
        "NonRefundable": true,
        "HotelId": 657236,
        "PaymentDeadline": "2018-10-20T11:24:35.1371372",
        "Currency": "IRR",
        "AvailableRoom": 3,
        "PlainTextCancellationPolicy": null,
        "NetRate": 1591920.00,
        "Rooms": [{
            "Name": "Shared Dormitory Women Only",
            "AdultCount": 1,
            "ChildCount": 0,
            "ChildAges": null,
            "MealType": "Room Only",
            "SharingBedding": false,
            "BedGroups": "5 BunkBed"
        }],
        "CancellationPolicies": [],
        "Remarks": [],
        "Amenities": null
    }, {
        "FareSourceCode": "",
        "Offer": "Private sale: save 10%",
        "NonRefundable": true,
        "HotelId": 755436,
        "PaymentDeadline": "2018-10-20T11:24:35.1371372",
        "Currency": "IRR",
        "AvailableRoom": 8,
        "PlainTextCancellationPolicy": null,
        "NetRate": 1591920.00,
        "Rooms": [{
            "Name": "Shared Dormitory Mixed Dorm 8 People",
            "AdultCount": 1,
            "ChildCount": 0,
            "ChildAges": null,
            "MealType": "Room Only",
            "SharingBedding": false,
            "BedGroups": "4 BunkBed"
        }],
        "CancellationPolicies": [],
        "Remarks": [],
        "Amenities": null
    }, {
        "FareSourceCode": "",
        "Offer": "Private sale: save 10%",
        "NonRefundable": false,
        "HotelId": 1025567,
        "PaymentDeadline": "2019-10-20T00:00:00",
        "Currency": "IRR",
        "AvailableRoom": 3,
        "PlainTextCancellationPolicy": null,
        "NetRate": 1591920.00,
        "Rooms": [{
            "Name": "Shared Bedroom With 8 Bed No Bathroom",
            "AdultCount": 1,
            "ChildCount": 0,
            "ChildAges": null,
            "MealType": "Room Only",
            "SharingBedding": false,
            "BedGroups": "4 BunkBed"
        }],
        "CancellationPolicies": [{
            "Amount": 1591920.00,
            "FromDate": "2019-10-31T00:29:00+03:30"
        }],
        "Remarks": [],
        "Amenities": null
    }, {
        "FareSourceCode": "",
        "Offer": null,
        "NonRefundable": true,
        "HotelId": 267616,
        "PaymentDeadline": "2018-10-20T11:24:35.1527598",
        "Currency": "IRR",
        "AvailableRoom": 16,
        "PlainTextCancellationPolicy": null,
        "NetRate": 1622280.00,
        "Rooms": [{
            "Name": "Comfort Shared Dormitory Mixed Dorm Shared Bathroom",
            "AdultCount": 1,
            "ChildCount": 0,
            "ChildAges": null,
            "MealType": "Room Only",
            "SharingBedding": false,
            "BedGroups": "4 BunkBed"
        }],
        "CancellationPolicies": [],
        "Remarks": [],
        "Amenities": ["Free Wifi"]
    }]
}
