{
    "Error": null,
    "Success": true,
    "Links": [{
        "Link": "https://HotelImage.partocrs.com/1025567/10660ebd.jpg",
        "ThumbnailLink": "https://HotelImage.partocrs.com/1025567/10660ebd_thumbnail.jpg"
    }, {
        "Link": "https://HotelImage.partocrs.com/1025567/1b36039c.jpg",
        "ThumbnailLink": "https://HotelImage.partocrs.com/1025567/1b36039c_thumbnail.jpg"
    }, {
        "Link": "https://HotelImage.partocrs.com/1025567/222874c1.jpg",
        "ThumbnailLink": "https://HotelImage.partocrs.com/1025567/222874c1_thumbnail.jpg"
    }, {
        "Link": "https://HotelImage.partocrs.com/1025567/2307c482.jpg",
        "ThumbnailLink": "https://HotelImage.partocrs.com/1025567/2307c482_thumbnail.jpg"
    }, {
        "Link": "https://HotelImage.partocrs.com/1025567/23439430.jpg",
        "ThumbnailLink": "https://HotelImage.partocrs.com/1025567/23439430_thumbnail.jpg"
    }, {
        "Link": "https://HotelImage.partocrs.com/1025567/25017991.jpg",
        "ThumbnailLink": "https://HotelImage.partocrs.com/1025567/25017991_thumbnail.jpg"
    }, {
        "Link": "https://HotelImage.partocrs.com/1025567/26f06575.jpg",
        "ThumbnailLink": "https://HotelImage.partocrs.com/1025567/26f06575_thumbnail.jpg"
    }, {
        "Link": "https://HotelImage.partocrs.com/1025567/3dafe50d.jpg",
        "ThumbnailLink": "https://HotelImage.partocrs.com/1025567/3dafe50d_thumbnail.jpg"
    }, {
        "Link": "https://HotelImage.partocrs.com/1025567/421a140b.jpg",
        "ThumbnailLink": "https://HotelImage.partocrs.com/1025567/421a140b_thumbnail.jpg"
    }, {
        "Link": "https://HotelImage.partocrs.com/1025567/4491083a.jpg",
        "ThumbnailLink": "https://HotelImage.partocrs.com/1025567/4491083a_thumbnail.jpg"
    }, {
        "Link": "https://HotelImage.partocrs.com/1025567/4dfd1823.jpg",
        "ThumbnailLink": "https://HotelImage.partocrs.com/1025567/4dfd1823_thumbnail.jpg"
    }, {
        "Link": "https://HotelImage.partocrs.com/1025567/5946dcbc.jpg",
        "ThumbnailLink": "https://HotelImage.partocrs.com/1025567/5946dcbc_thumbnail.jpg"
    }, {
        "Link": "https://HotelImage.partocrs.com/1025567/5ab6712c.jpg",
        "ThumbnailLink": "https://HotelImage.partocrs.com/1025567/5ab6712c_thumbnail.jpg"
    }, {
        "Link": "https://HotelImage.partocrs.com/1025567/610ed26b.jpg",
        "ThumbnailLink": "https://HotelImage.partocrs.com/1025567/610ed26b_thumbnail.jpg"
    }, {
        "Link": "https://HotelImage.partocrs.com/1025567/682fc65d.jpg",
        "ThumbnailLink": "https://HotelImage.partocrs.com/1025567/682fc65d_thumbnail.jpg"
    }, {
        "Link": "https://HotelImage.partocrs.com/1025567/7169d9f6.jpg",
        "ThumbnailLink": "https://HotelImage.partocrs.com/1025567/7169d9f6_thumbnail.jpg"
    }, {
        "Link": "https://HotelImage.partocrs.com/1025567/77ebeede.jpg",
        "ThumbnailLink": "https://HotelImage.partocrs.com/1025567/77ebeede_thumbnail.jpg"
    }, {
        "Link": "https://HotelImage.partocrs.com/1025567/78323b4d.jpg",
        "ThumbnailLink": "https://HotelImage.partocrs.com/1025567/78323b4d_thumbnail.jpg"
    }, {
        "Link": "https://HotelImage.partocrs.com/1025567/8fb044ee.jpg",
        "ThumbnailLink": "https://HotelImage.partocrs.com/1025567/8fb044ee_thumbnail.jpg"
    }, {
        "Link": "https://HotelImage.partocrs.com/1025567/945d4b43.jpg",
        "ThumbnailLink": "https://HotelImage.partocrs.com/1025567/945d4b43_thumbnail.jpg"
    }, {
        "Link": "https://HotelImage.partocrs.com/1025567/9c881064.jpg",
        "ThumbnailLink": "https://HotelImage.partocrs.com/1025567/9c881064_thumbnail.jpg"
    }, {
        "Link": "https://HotelImage.partocrs.com/1025567/a876c3f7.jpg",
        "ThumbnailLink": "https://HotelImage.partocrs.com/1025567/a876c3f7_thumbnail.jpg"
    }, {
        "Link": "https://HotelImage.partocrs.com/1025567/a9d3b152.jpg",
        "ThumbnailLink": "https://HotelImage.partocrs.com/1025567/a9d3b152_thumbnail.jpg"
    }, {
        "Link": "https://HotelImage.partocrs.com/1025567/abdd47d6.jpg",
        "ThumbnailLink": "https://HotelImage.partocrs.com/1025567/abdd47d6_thumbnail.jpg"
    }, {
        "Link": "https://HotelImage.partocrs.com/1025567/ada4d964.jpg",
        "ThumbnailLink": "https://HotelImage.partocrs.com/1025567/ada4d964_thumbnail.jpg"
    }, {
        "Link": "https://HotelImage.partocrs.com/1025567/b2608796.jpg",
        "ThumbnailLink": "https://HotelImage.partocrs.com/1025567/b2608796_thumbnail.jpg"
    }, {
        "Link": "https://HotelImage.partocrs.com/1025567/b2c89f07.jpg",
        "ThumbnailLink": "https://HotelImage.partocrs.com/1025567/b2c89f07_thumbnail.jpg"
    }, {
        "Link": "https://HotelImage.partocrs.com/1025567/b340086e.jpg",
        "ThumbnailLink": "https://HotelImage.partocrs.com/1025567/b340086e_thumbnail.jpg"
    }, {
        "Link": "https://HotelImage.partocrs.com/1025567/b82826dc.jpg",
        "ThumbnailLink": "https://HotelImage.partocrs.com/1025567/b82826dc_thumbnail.jpg"
    }, {
        "Link": "https://HotelImage.partocrs.com/1025567/bade22a5.jpg",
        "ThumbnailLink": "https://HotelImage.partocrs.com/1025567/bade22a5_thumbnail.jpg"
    }, {
        "Link": "https://HotelImage.partocrs.com/1025567/d0802c6c.jpg",
        "ThumbnailLink": "https://HotelImage.partocrs.com/1025567/d0802c6c_thumbnail.jpg"
    }, {
        "Link": "https://HotelImage.partocrs.com/1025567/d167d4ec.jpg",
        "ThumbnailLink": "https://HotelImage.partocrs.com/1025567/d167d4ec_thumbnail.jpg"
    }, {
        "Link": "https://HotelImage.partocrs.com/1025567/d96b3bc8.jpg",
        "ThumbnailLink": "https://HotelImage.partocrs.com/1025567/d96b3bc8_thumbnail.jpg"
    }, {
        "Link": "https://HotelImage.partocrs.com/1025567/daf163bd.jpg",
        "ThumbnailLink": "https://HotelImage.partocrs.com/1025567/daf163bd_thumbnail.jpg"
    }, {
        "Link": "https://HotelImage.partocrs.com/1025567/df9ca4bf.jpg",
        "ThumbnailLink": "https://HotelImage.partocrs.com/1025567/df9ca4bf_thumbnail.jpg"
    }, {
        "Link": "https://HotelImage.partocrs.com/1025567/dfe4881e.jpg",
        "ThumbnailLink": "https://HotelImage.partocrs.com/1025567/dfe4881e_thumbnail.jpg"
    }, {
        "Link": "https://HotelImage.partocrs.com/1025567/e1a42280.jpg",
        "ThumbnailLink": "https://HotelImage.partocrs.com/1025567/e1a42280_thumbnail.jpg"
    }, {
        "Link": "https://HotelImage.partocrs.com/1025567/e7ebefcb.jpg",
        "ThumbnailLink": "https://HotelImage.partocrs.com/1025567/e7ebefcb_thumbnail.jpg"
    }, {
        "Link": "https://HotelImage.partocrs.com/1025567/f6f376d3.jpg",
        "ThumbnailLink": "https://HotelImage.partocrs.com/1025567/f6f376d3_thumbnail.jpg"
    }, {
        "Link": "https://HotelImage.partocrs.com/1025567/f9272426.jpg",
        "ThumbnailLink": "https://HotelImage.partocrs.com/1025567/f9272426_thumbnail.jpg"
    }, {
        "Link": "https://HotelImage.partocrs.com/1025567/fc4fa843.jpg",
        "ThumbnailLink": "https://HotelImage.partocrs.com/1025567/fc4fa843_thumbnail.jpg"
    }, {
        "Link": "https://HotelImage.partocrs.com/1025567/fd087387.jpg",
        "ThumbnailLink": "https://HotelImage.partocrs.com/1025567/fd087387_thumbnail.jpg"
    }]
}
