{
    "Success": true,
    "Error": null,
    "CheckIn": "2019-12-01T00:00:00",
    "CheckOut": "2019-12-02T00:00:00",
    "PricedItineraries": [
        {
            "FareSourceCode": "3835626538303434663761363437623238303764336230306637353366373234263136263933343239",
            "Offer": "Private sale: save 10%",
            "NonRefundable": true,
            "HotelId": 152,
            "PaymentDeadline": "2018-11-11T10:52:00.5686199",
            "Currency": "IRR",
            "AvailableRoom": 6,
            "PlainTextCancellationPolicy": null,
            "NetRate": 15705360,
            "Rooms": [
                {
                    "Name": "Studio",
                    "AdultCount": 1,
                    "ChildCount": 0,
                    "ChildAges": null,
                    "MealType": "Room Only",
                    "SharingBedding": false,
                    "BedGroups": "1 KingBed"
                }
            ],
            "CancellationPolicies": [],
            "Remarks": [],
            "Amenities": null
        },
        {
            "FareSourceCode": "3561376333333139343964303434336438346664343731613034333566346161263136263933343239",
            "Offer": "Private sale: save 10%",
            "NonRefundable": false,
            "HotelId": 152,
            "PaymentDeadline": "2019-11-11T00:00:00",
            "Currency": "IRR",
            "AvailableRoom": 6,
            "PlainTextCancellationPolicy": null,
            "NetRate": 17449080,
            "Rooms": [
                {
                    "Name": "Studio",
                    "AdultCount": 1,
                    "ChildCount": 0,
                    "ChildAges": null,
                    "MealType": "Room Only",
                    "SharingBedding": false,
                    "BedGroups": "1 KingBed"
                }
            ],
            "CancellationPolicies": [
                {
                    "Amount": 16624080,
                    "FromDate": "2019-11-18T01:30:00+03:30"
                },
                {
                    "Amount": 17449080,
                    "FromDate": "2019-12-02T01:30:00+03:30"
                }
            ],
            "Remarks": [],
            "Amenities": [
                "Free Parking",
                "Free Wifi"
            ]
        },
        {
            "FareSourceCode": "6565356533363665663837323463303462636432313133366533643562326662263136263933343239",
            "Offer": "Private sale: save 10%",
            "NonRefundable": true,
            "HotelId": 152,
            "PaymentDeadline": "2018-11-11T10:52:00.5686199",
            "Currency": "IRR",
            "AvailableRoom": 3,
            "PlainTextCancellationPolicy": null,
            "NetRate": 17587680,
            "Rooms": [
                {
                    "Name": "Apartment 1 Bedroom",
                    "AdultCount": 1,
                    "ChildCount": 0,
                    "ChildAges": null,
                    "MealType": "Room Only",
                    "SharingBedding": false,
                    "BedGroups": "1 QueenBed"
                }
            ],
            "CancellationPolicies": [],
            "Remarks": [],
            "Amenities": null
        },
        {
            "FareSourceCode": "3635333364313831663431353466306139623433313661393362343734346261263136263933343239",
            "Offer": "Private sale: save 10%",
            "NonRefundable": false,
            "HotelId": 152,
            "PaymentDeadline": "2019-11-11T00:00:00",
            "Currency": "IRR",
            "AvailableRoom": 3,
            "PlainTextCancellationPolicy": null,
            "NetRate": 19542600,
            "Rooms": [
                {
                    "Name": "Apartment 1 Bedroom",
                    "AdultCount": 1,
                    "ChildCount": 0,
                    "ChildAges": null,
                    "MealType": "Room Only",
                    "SharingBedding": false,
                    "BedGroups": "1 QueenBed"
                }
            ],
            "CancellationPolicies": [
                {
                    "Amount": 18539400,
                    "FromDate": "2019-11-25T01:30:00+03:30"
                },
                {
                    "Amount": 19542600,
                    "FromDate": "2019-12-02T01:30:00+03:30"
                }
            ],
            "Remarks": [],
            "Amenities": [
                "Free Parking",
                "Free Wifi"
            ]
        }
    ]
}